country_of_production,province_of_production,kabupaten_of_production,mill,mill_group,refinery,refinery_group,exporter,exporter_group,importer,importer_group,country_of_first_import,product_type,volume,fob,palm_oil_deforestation_10_year_total_exposure
INDONESIA,KALIMANTAN TIMUR,MAHAKAM ULU,BORNEO BHAKTI SEJAHTERA,FANGIONO AGRO PLANTATION (FAP AGRI),ADHITYA SERAYAKORITA,FIRST RESOURCES,ADHITYA SERAYAKORITA,FIRST RESOURCES,FIRST RESOURCES,FIRST RESOURCES,SPAIN,REFINED PALM OIL,2995.276908053979,2965513.50497327,893.5227588621821
INDONESIA,KALIMANTAN TIMUR,KUTAI KARTANEGARA,CITRA AGRO KENCANA,FIRST RESOURCES,ADHITYA SERAYAKORITA,FIRST RESOURCES,ADHITYA SERAYAKORITA,FIRST RESOURCES,FIRST RESOURCES,FIRST RESOURCES,SPAIN,REFINED PALM OIL,4443.522238666725,4399367.942570795,648.6825280428965
INDONESIA,KALIMANTAN TIMUR,KUTAI KARTANEGARA,KETAPANG AGRO LESTARI,FIRST RESOURCES,ADHITYA SERAYAKORITA,FIRST RESOURCES,ADHITYA SERAYAKORITA,FIRST RESOURCES,FIRST RESOURCES,FIRST RESOURCES,SPAIN,REFINED PALM OIL,2097.5314025353873,2076688.6976621833,122.52222072749319
INDONESIA,KALIMANTAN TIMUR,MAHAKAM ULU,BORNEO BHAKTI SEJAHTERA,FANGIONO AGRO PLANTATION (FAP AGRI),ADHITYA SERAYAKORITA,FIRST RESOURCES,ADHITYA SERAYAKORITA,FIRST RESOURCES,FIRST RESOURCES,FIRST RESOURCES,NETHERLANDS,REFINED PALM OIL,631.9136387799367,815931.630521156,188.5065171660967
INDONESIA,KALIMANTAN TIMUR,KUTAI KARTANEGARA,KETAPANG AGRO LESTARI,FIRST RESOURCES,ADHITYA SERAYAKORITA,FIRST RESOURCES,ADHITYA SERAYAKORITA,FIRST RESOURCES,FIRST RESOURCES,FIRST RESOURCES,NETHERLANDS,REFINED PALM OIL,442.51624865377426,571380.2996771828,25.84851574928695
INDONESIA,KALIMANTAN TIMUR,KUTAI KARTANEGARA,CITRA AGRO KENCANA,FIRST RESOURCES,ADHITYA SERAYAKORITA,FIRST RESOURCES,ADHITYA SERAYAKORITA,FIRST RESOURCES,FIRST RESOURCES,FIRST RESOURCES,NETHERLANDS,REFINED PALM OIL,937.4499897773238,1210442.4588269205,136.85256799007368
INDONESIA,KALIMANTAN TIMUR,BERAU,JABONTARA EKA KARSA (JABON),KUALA LUMPUR KEPONG (KLK),LDC EAST INDONESIA,LOUIS DREYFUS,LDC EAST INDONESIA,LOUIS DREYFUS,LOUIS DREYFUS,LOUIS DREYFUS,SPAIN,REFINED PALM OIL,3750.0361484238147,1311345.2325998656,916.754732387932
INDONESIA,KALIMANTAN TIMUR,BERAU,DWIWIRA LESTARI JAYA,TRIPUTRA AGRO PERSADA,LDC EAST INDONESIA,LOUIS DREYFUS,LDC EAST INDONESIA,LOUIS DREYFUS,LOUIS DREYFUS,LOUIS DREYFUS,SPAIN,REFINED PALM OIL,4383.053587466242,1532704.2723493266,599.1417482343704
INDONESIA,KALIMANTAN TIMUR,PENAJAM PASER UTARA,MUARATOYU SUBUR LESTARI,TRIPUTRA AGRO PERSADA,LDC EAST INDONESIA,LOUIS DREYFUS,LDC EAST INDONESIA,LOUIS DREYFUS,LOUIS DREYFUS,LOUIS DREYFUS,SPAIN,REFINED PALM OIL,1487.5227158817568,520169.871609219,355.95072569230376
INDONESIA,KALIMANTAN TIMUR,BERAU,HUTAN HIJAU MAS (BERAU),KUALA LUMPUR KEPONG (KLK),LDC EAST INDONESIA,LOUIS DREYFUS,LDC EAST INDONESIA,LOUIS DREYFUS,LOUIS DREYFUS,LOUIS DREYFUS,SPAIN,REFINED PALM OIL,6350.131178368593,2220569.0605509114,329.24212626849857
INDONESIA,KALIMANTAN TIMUR,BERAU,SATU SEMBILAN DELAPAN,KUALA LUMPUR KEPONG (KLK),LDC EAST INDONESIA,LOUIS DREYFUS,LDC EAST INDONESIA,LOUIS DREYFUS,LOUIS DREYFUS,LOUIS DREYFUS,SPAIN,REFINED PALM OIL,3989.6677166214754,1395141.682047029,292.0601112790787
INDONESIA,KALIMANTAN TIMUR,BERAU,YUDHA WAHANA ABADI,TRIPUTRA AGRO PERSADA,LDC EAST INDONESIA,LOUIS DREYFUS,LDC EAST INDONESIA,LOUIS DREYFUS,LOUIS DREYFUS,LOUIS DREYFUS,SPAIN,REFINED PALM OIL,2186.825080289508,764708.0001542887,167.4220736731757
INDONESIA,KALIMANTAN TIMUR,PASER,BORNEO INDAH MARJAYA,ASTRA AGRO LESTARI,LDC EAST INDONESIA,LOUIS DREYFUS,LDC EAST INDONESIA,LOUIS DREYFUS,LOUIS DREYFUS,LOUIS DREYFUS,SPAIN,REFINED PALM OIL,4551.41734472554,1591579.1742665754,103.80126935102236
INDONESIA,KALIMANTAN TIMUR,KUTAI TIMUR,TUNAS PRIMA SEJAHTERA,LOW YAT,LDC EAST INDONESIA,LOUIS DREYFUS,LDC EAST INDONESIA,LOUIS DREYFUS,LOUIS DREYFUS,LOUIS DREYFUS,GREECE,REFINED PALM OIL,47.39161828019937,9189.83748743613,0.0
INDONESIA,KALIMANTAN TIMUR,KUTAI TIMUR,REA KALTIM PLANTATIONS (CAKRA),REA HOLDINGS,LDC EAST INDONESIA,LOUIS DREYFUS,LDC EAST INDONESIA,LOUIS DREYFUS,LOUIS DREYFUS,LOUIS DREYFUS,GREECE,REFINED PALM OIL,104.37592611696996,20239.819474920845,0.0
INDONESIA,KALIMANTAN TIMUR,KUTAI TIMUR,HAMPARAN PERKASA MANDIRI,TRIPUTRA AGRO PERSADA,LDC EAST INDONESIA,LOUIS DREYFUS,LDC EAST INDONESIA,LOUIS DREYFUS,LOUIS DREYFUS,LOUIS DREYFUS,ITALY,REFINED PALM OIL,3878.7074274988236,2063160.982498949,0.0
INDONESIA,KALIMANTAN TIMUR,KUTAI TIMUR,TUNAS PRIMA SEJAHTERA,LOW YAT,LDC EAST INDONESIA,LOUIS DREYFUS,LDC EAST INDONESIA,LOUIS DREYFUS,LOUIS DREYFUS,LOUIS DREYFUS,SPAIN,REFINED PALM OIL,1066.2837701431226,372867.3760020965,0.0
INDONESIA,KALIMANTAN TIMUR,KUTAI TIMUR,KARYANUSA EKADAYA (KARYANUSA EKA DAYA 1),ASTRA AGRO LESTARI,LDC EAST INDONESIA,LOUIS DREYFUS,LDC EAST INDONESIA,LOUIS DREYFUS,LOUIS DREYFUS,LOUIS DREYFUS,SPAIN,REFINED PALM OIL,4096.418582460564,1432471.2526040608,0.0
INDONESIA,KALIMANTAN TIMUR,KUTAI TIMUR,HAMPARAN PERKASA MANDIRI,TRIPUTRA AGRO PERSADA,LDC EAST INDONESIA,LOUIS DREYFUS,LDC EAST INDONESIA,LOUIS DREYFUS,LOUIS DREYFUS,LOUIS DREYFUS,GREECE,REFINED PALM OIL,283.2772787509921,54931.06692861003,0.0
INDONESIA,KALIMANTAN TIMUR,KUTAI TIMUR,HAMPARAN PERKASA MANDIRI,TRIPUTRA AGRO PERSADA,LDC EAST INDONESIA,LOUIS DREYFUS,LDC EAST INDONESIA,LOUIS DREYFUS,LOUIS DREYFUS,LOUIS DREYFUS,SPAIN,REFINED PALM OIL,6373.5735504244985,2228766.5929531697,0.0
INDONESIA,KALIMANTAN TIMUR,MAHAKAM ULU,BORNEO BHAKTI SEJAHTERA,FANGIONO AGRO PLANTATION (FAP AGRI),WILMAR NABATI INDONESIA (WINA GRESIK),WILMAR,WILMAR NABATI INDONESIA,WILMAR,WILMAR,WILMAR,GREECE,REFINED PALM OIL,0.6834190120558379,703.1356505536489,0.2038711143764452
INDONESIA,KALIMANTAN TIMUR,KUTAI TIMUR,JABONTARA EKA KARSA (JABON),KUALA LUMPUR KEPONG (KLK),WILMAR NABATI INDONESIA (WINA GRESIK),WILMAR,WILMAR NABATI INDONESIA,WILMAR,WILMAR,WILMAR,GREECE,REFINED PALM OIL,0.5070281236173986,521.6558849837604,0.14735367718501013
INDONESIA,KALIMANTAN TIMUR,PASER,MULTI MAKMUR MITRA ALAM (PASER),PADASA ENAM UTAMA,WILMAR NABATI INDONESIA (WINA GRESIK),WILMAR,WILMAR NABATI INDONESIA,WILMAR,WILMAR,WILMAR,GREECE,REFINED PALM OIL,0.5668846067220525,583.239227625983,0.127682332371679
INDONESIA,KALIMANTAN TIMUR,BERAU,DWIWIRA LESTARI JAYA,TRIPUTRA AGRO PERSADA,WILMAR NABATI INDONESIA (WINA GRESIK),WILMAR,WILMAR NABATI INDONESIA,WILMAR,WILMAR,WILMAR,GREECE,REFINED PALM OIL,0.8183305220010515,841.939357560782,0.0982611785151057
INDONESIA,KALIMANTAN TIMUR,BERAU,SAWIT SUKSES SEJAHTERA,EAGLE HIGH PLANTATIONS,WILMAR NABATI INDONESIA (WINA GRESIK),WILMAR,WILMAR NABATI INDONESIA,WILMAR,WILMAR,WILMAR,GREECE,REFINED PALM OIL,0.10482254094876062,107.846671255132,0.0
INDONESIA,KALIMANTAN TIMUR,KUTAI TIMUR,DHARMA INTISAWIT NUGRAHA (POM 3),DHARMA SATYA NUSANTARA (DSN),WILMAR NABATI INDONESIA (WINA GRESIK),WILMAR,WILMAR NABATI INDONESIA,WILMAR,WILMAR,WILMAR,GREECE,REFINED PALM OIL,0.663457815522758,682.5985735005893,0.0
INDONESIA,KALIMANTAN TIMUR,BERAU,CAHAYA ANUGERAH PLANTATION (FELIZA),TELADAN PRIMA,WILMAR NABATI INDONESIA (WINA GRESIK),WILMAR,WILMAR NABATI INDONESIA,WILMAR,WILMAR,WILMAR,GREECE,REFINED PALM OIL,0.4808094286080252,494.680780623367,0.0
INDONESIA,KALIMANTAN TIMUR,KUTAI TIMUR,DEWATA SAWIT NUSANTARA (POM 6),DHARMA SATYA NUSANTARA (DSN),WILMAR NABATI INDONESIA (WINA GRESIK),WILMAR,WILMAR NABATI INDONESIA,WILMAR,WILMAR,WILMAR,GREECE,REFINED PALM OIL,0.7825312613335283,805.1072882230019,0.0
INDONESIA,KALIMANTAN TIMUR,KUTAI KARTANEGARA,KRUING LESTARI JAYA (SUNGAI PERAK),TSANI HUTANI ABADI (THA),SMART TBK (TARJUN REFINERY & KERNEL CRUSHING PLANT),SINAR MAS,SINAR MAS AGRO RESOURCES AND TECHNOLOGY,SINAR MAS,GOLDEN AGRI INTERNATIONAL,GOLDEN AGRI INTERNATIONAL,ITALY,REFINED PALM OIL,1006.2898013018273,1035461.2219087919,184.2337717107129
INDONESIA,KALIMANTAN TIMUR,PASER,MULTI MAKMUR MITRA ALAM (PASER),PADASA ENAM UTAMA,SMART TBK (TARJUN REFINERY & KERNEL CRUSHING PLANT),SINAR MAS,SINAR MAS AGRO RESOURCES AND TECHNOLOGY,SINAR MAS,GOLDEN AGRI INTERNATIONAL,GOLDEN AGRI INTERNATIONAL,ITALY,REFINED PALM OIL,690.0155182712199,710018.436797058,143.816797781042
INDONESIA,KALIMANTAN TIMUR,KUTAI KARTANEGARA,HARAPAN RIMBA RAYA (SEI KEDANG),SINAR MAS,SMART TBK (TARJUN REFINERY & KERNEL CRUSHING PLANT),SINAR MAS,SINAR MAS AGRO RESOURCES AND TECHNOLOGY,SINAR MAS,GOLDEN AGRI INTERNATIONAL,GOLDEN AGRI INTERNATIONAL,ITALY,REFINED PALM OIL,732.2654258972922,753493.1305874859,137.8934166321917
INDONESIA,KALIMANTAN TIMUR,BERAU,MULIA INTI PERKASA,WIDYA,SMART TBK (TARJUN REFINERY & KERNEL CRUSHING PLANT),SINAR MAS,SINAR MAS AGRO RESOURCES AND TECHNOLOGY,SINAR MAS,GOLDEN AGRI INTERNATIONAL,GOLDEN AGRI INTERNATIONAL,ITALY,REFINED PALM OIL,228.29140363048737,234909.362540181,79.2207863667489
INDONESIA,KALIMANTAN TIMUR,BERAU,HANUSENTRA AGRO LESTARI,DHARMA AGUNG WIJAYA (DAW),SMART TBK (TARJUN REFINERY & KERNEL CRUSHING PLANT),SINAR MAS,SINAR MAS AGRO RESOURCES AND TECHNOLOGY,SINAR MAS,GOLDEN AGRI INTERNATIONAL,GOLDEN AGRI INTERNATIONAL,ITALY,REFINED PALM OIL,112.77916841347158,116048.533315349,35.1438285046699
INDONESIA,KALIMANTAN TIMUR,KUTAI TIMUR,BIMA PALMA NUGRAHA (POM 9),DHARMA SATYA NUSANTARA (DSN),SMART TBK (TARJUN REFINERY & KERNEL CRUSHING PLANT),SINAR MAS,SINAR MAS AGRO RESOURCES AND TECHNOLOGY,SINAR MAS,GOLDEN AGRI INTERNATIONAL,GOLDEN AGRI INTERNATIONAL,ITALY,REFINED PALM OIL,882.9724223751073,908568.984999644,0.0
INDONESIA,KALIMANTAN TIMUR,KUTAI TIMUR,BIMA AGRI SAWIT (POM 10),DHARMA SATYA NUSANTARA (DSN),SMART TBK (TARJUN REFINERY & KERNEL CRUSHING PLANT),SINAR MAS,SINAR MAS AGRO RESOURCES AND TECHNOLOGY,SINAR MAS,GOLDEN AGRI INTERNATIONAL,GOLDEN AGRI INTERNATIONAL,NETHERLANDS,REFINED PALM OIL,52.092369206065364,65818.7084918636,0.0
INDONESIA,KALIMANTAN TIMUR,KUTAI TIMUR,HAMPARAN PERKASA MANDIRI,TRIPUTRA AGRO PERSADA,SMART TBK (TARJUN REFINERY & KERNEL CRUSHING PLANT),SINAR MAS,SINAR MAS AGRO RESOURCES AND TECHNOLOGY,SINAR MAS,GOLDEN AGRI INTERNATIONAL,GOLDEN AGRI INTERNATIONAL,NETHERLANDS,REFINED PALM OIL,109.29748809745168,138097.3762111303,0.0
INDONESIA,KALIMANTAN TIMUR,KUTAI TIMUR,BIMA AGRI SAWIT (POM 10),DHARMA SATYA NUSANTARA (DSN),SMART TBK (TARJUN REFINERY & KERNEL CRUSHING PLANT),SINAR MAS,SINAR MAS AGRO RESOURCES AND TECHNOLOGY,SINAR MAS,GOLDEN AGRI INTERNATIONAL,GOLDEN AGRI INTERNATIONAL,SPAIN,REFINED PALM OIL,10.418471757318661,10046.0113919945,0.0
INDONESIA,KALIMANTAN TIMUR,KUTAI TIMUR,HAMPARAN PERKASA MANDIRI,TRIPUTRA AGRO PERSADA,SMART TBK (TARJUN REFINERY & KERNEL CRUSHING PLANT),SINAR MAS,SINAR MAS AGRO RESOURCES AND TECHNOLOGY,SINAR MAS,GOLDEN AGRI INTERNATIONAL,GOLDEN AGRI INTERNATIONAL,SPAIN,REFINED PALM OIL,21.859493247171915,21078.01636358557,0.0
INDONESIA,KALIMANTAN TIMUR,KUTAI KARTANEGARA,KRUING LESTARI JAYA (SUNGAI PERAK),TSANI HUTANI ABADI (THA),SMART TBK (TARJUN REFINERY & KERNEL CRUSHING PLANT),SINAR MAS,SINAR MAS AGRO RESOURCES AND TECHNOLOGY,SINAR MAS,CASA OLEARIA ITALIANA S P A,CASA OLEARIA ITALIANA S P A,ITALY,REFINED PALM OIL,19.368605745794213,18400.17545850449,3.546047356049031
INDONESIA,KALIMANTAN TIMUR,PASER,MULTI MAKMUR MITRA ALAM (PASER),PADASA ENAM UTAMA,SMART TBK (TARJUN REFINERY & KERNEL CRUSHING PLANT),SINAR MAS,SINAR MAS AGRO RESOURCES AND TECHNOLOGY,SINAR MAS,CASA OLEARIA ITALIANA S P A,CASA OLEARIA ITALIANA S P A,ITALY,REFINED PALM OIL,13.281103032730103,12617.0478810936,2.76811993149488
INDONESIA,KALIMANTAN TIMUR,KUTAI KARTANEGARA,HARAPAN RIMBA RAYA (SEI KEDANG),SINAR MAS,SMART TBK (TARJUN REFINERY & KERNEL CRUSHING PLANT),SINAR MAS,SINAR MAS AGRO RESOURCES AND TECHNOLOGY,SINAR MAS,CASA OLEARIA ITALIANA S P A,CASA OLEARIA ITALIANA S P A,ITALY,REFINED PALM OIL,14.094309926556335,13389.594430228519,2.6541094009243347
INDONESIA,KALIMANTAN TIMUR,KUTAI TIMUR,HAMPARAN PERKASA MANDIRI,TRIPUTRA AGRO PERSADA,SMART TBK (TARJUN REFINERY & KERNEL CRUSHING PLANT),SINAR MAS,SINAR MAS AGRO RESOURCES AND TECHNOLOGY,SINAR MAS,CASA OLEARIA ITALIANA S P A,CASA OLEARIA ITALIANA S P A,ITALY,REFINED PALM OIL,21.849786700341696,20757.297365324608,0.0
INDONESIA,KALIMANTAN TIMUR,KUTAI TIMUR,KRESNA DUTA AGROINDO (MUARA WAHAU),SINAR MAS,SMART TBK (TARJUN REFINERY & KERNEL CRUSHING PLANT),SINAR MAS,SINAR MAS AGRO RESOURCES AND TECHNOLOGY,SINAR MAS,CASA OLEARIA ITALIANA S P A,CASA OLEARIA ITALIANA S P A,ITALY,REFINED PALM OIL,18.758046942122906,17820.14459501676,0.0
INDONESIA,KALIMANTAN TIMUR,KUTAI TIMUR,TAPIAN NADENGGAN (JAK LUAY),SINAR MAS,SMART TBK (TARJUN REFINERY & KERNEL CRUSHING PLANT),SINAR MAS,SINAR MAS AGRO RESOURCES AND TECHNOLOGY,SINAR MAS,CASA OLEARIA ITALIANA S P A,CASA OLEARIA ITALIANA S P A,ITALY,REFINED PALM OIL,28.633705261273576,27202.0199982099,0.0
INDONESIA,KALIMANTAN TIMUR,KUTAI KARTANEGARA,KRUING LESTARI JAYA (SUNGAI PERAK),TSANI HUTANI ABADI (THA),SMART TBK (TARJUN REFINERY & KERNEL CRUSHING PLANT),SINAR MAS,SINAR MAS AGRO RESOURCES AND TECHNOLOGY,SINAR MAS,ITAL BI OIL SRL,ITAL BI OIL SRL,ITALY,REFINED PALM OIL,125.95936504522494,119661.3967929637,23.06092029805628
INDONESIA,KALIMANTAN TIMUR,PASER,MULTI MAKMUR MITRA ALAM (PASER),PADASA ENAM UTAMA,SMART TBK (TARJUN REFINERY & KERNEL CRUSHING PLANT),SINAR MAS,SINAR MAS AGRO RESOURCES AND TECHNOLOGY,SINAR MAS,ITAL BI OIL SRL,ITAL BI OIL SRL,ITALY,REFINED PALM OIL,86.37066224894168,82052.1291364946,18.0018445063264
INDONESIA,KALIMANTAN TIMUR,KUTAI KARTANEGARA,HARAPAN RIMBA RAYA (SEI KEDANG),SINAR MAS,SMART TBK (TARJUN REFINERY & KERNEL CRUSHING PLANT),SINAR MAS,SINAR MAS AGRO RESOURCES AND TECHNOLOGY,SINAR MAS,ITAL BI OIL SRL,ITAL BI OIL SRL,ITALY,REFINED PALM OIL,91.65917012303,87076.2116168786,17.260402699537952
INDONESIA,KALIMANTAN TIMUR,KUTAI TIMUR,TAPIAN NADENGGAN (JAK LUAY),SINAR MAS,SMART TBK (TARJUN REFINERY & KERNEL CRUSHING PLANT),SINAR MAS,SINAR MAS AGRO RESOURCES AND TECHNOLOGY,SINAR MAS,ITAL BI OIL SRL,ITAL BI OIL SRL,ITALY,REFINED PALM OIL,186.21285295072525,176902.210303189,0.0
INDONESIA,KALIMANTAN TIMUR,KUTAI TIMUR,BIMA AGRI SAWIT (POM 10),DHARMA SATYA NUSANTARA (DSN),SMART TBK (TARJUN REFINERY & KERNEL CRUSHING PLANT),SINAR MAS,SINAR MAS AGRO RESOURCES AND TECHNOLOGY,SINAR MAS,ITAL BI OIL SRL,ITAL BI OIL SRL,ITALY,REFINED PALM OIL,67.72409875824569,64337.8938203334,0.0
INDONESIA,KALIMANTAN TIMUR,KUTAI TIMUR,BUMI MAS AGRO (BENUANG),MP EVANS,SMART TBK (TARJUN REFINERY & KERNEL CRUSHING PLANT),SINAR MAS,SINAR MAS AGRO RESOURCES AND TECHNOLOGY,SINAR MAS,ITAL BI OIL SRL,ITAL BI OIL SRL,ITALY,REFINED PALM OIL,112.01325203925789,106412.589437295,0.0
INDONESIA,KALIMANTAN TIMUR,KUTAI TIMUR,KARYA PRIMA AGRO SEJAHTERA (POM 7),DHARMA SATYA NUSANTARA (DSN),SMART TBK (SURABAYA REFINERY),SINAR MAS,SINAR MAS AGRO RESOURCES AND TECHNOLOGY,SINAR MAS,WINKER VAN SINKER GMBH,WINKER VAN SINKER GMBH,BULGARIA,REFINED PALM OIL,1.3192309011585843,2011.4973165415518,0.00167353690017663
INDONESIA,KALIMANTAN TIMUR,KUTAI TIMUR,DHARMA AGROTAMA NUSANTARA (POM 2),DHARMA SATYA NUSANTARA (DSN),SMART TBK (SURABAYA REFINERY),SINAR MAS,SINAR MAS AGRO RESOURCES AND TECHNOLOGY,SINAR MAS,WINKER VAN SINKER GMBH,WINKER VAN SINKER GMBH,BULGARIA,REFINED PALM OIL,1.0297910087197375,1570.1738405454196,0.0
INDONESIA,KALIMANTAN TIMUR,KUTAI TIMUR,SWAKARSA SINARSENTOSA (POM 1),DHARMA SATYA NUSANTARA (DSN),SMART TBK (SURABAYA REFINERY),SINAR MAS,SINAR MAS AGRO RESOURCES AND TECHNOLOGY,SINAR MAS,WINKER VAN SINKER GMBH,WINKER VAN SINKER GMBH,BULGARIA,REFINED PALM OIL,0.2710750593903438,413.32169680542665,0.0
INDONESIA,KALIMANTAN TIMUR,BERAU,JABONTARA EKA KARSA (JABON),KUALA LUMPUR KEPONG (KLK),NOT REFINED,NOT REFINED,SUMBER HIJAU UTAMA,ROYAL GOLDEN EAGLE,AAA OILS & FATS,AAA OILS & FATS,SPAIN,PALM OIL,7.795539713800228,9323.701958532223,2.4197569570392696
INDONESIA,KALIMANTAN TIMUR,PASER,PUCUK JAYA,CHELLAM PLANTATIONS,NOT REFINED,NOT REFINED,SUMBER HIJAU UTAMA,ROYAL GOLDEN EAGLE,AAA OILS & FATS,AAA OILS & FATS,SPAIN,PALM OIL,5.67433660526327,6786.67869861614,1.27805998580809
INDONESIA,KALIMANTAN TIMUR,BERAU,DWIWIRA LESTARI JAYA,TRIPUTRA AGRO PERSADA,NOT REFINED,NOT REFINED,SUMBER HIJAU UTAMA,ROYAL GOLDEN EAGLE,AAA OILS & FATS,AAA OILS & FATS,SPAIN,PALM OIL,6.20168722241958,7417.40603277483,1.12915610223961
INDONESIA,KALIMANTAN TIMUR,BERAU,ANUGERAH AGUNG PRIMA ABADI,TRIPUTRA AGRO PERSADA,NOT REFINED,NOT REFINED,SUMBER HIJAU UTAMA,ROYAL GOLDEN EAGLE,AAA OILS & FATS,AAA OILS & FATS,SPAIN,PALM OIL,7.00310860971779,8375.93032136695,1.12355780320658
INDONESIA,KALIMANTAN TIMUR,PENAJAM PASER UTARA,MUARATOYU SUBUR LESTARI,TRIPUTRA AGRO PERSADA,NOT REFINED,NOT REFINED,SUMBER HIJAU UTAMA,ROYAL GOLDEN EAGLE,AAA OILS & FATS,AAA OILS & FATS,SPAIN,PALM OIL,2.86386292796548,3425.26693093104,0.685296484288196
INDONESIA,KALIMANTAN TIMUR,BERAU,MAJU KALIMANTAN HADAPAN (SEGUNTUNG),MKH BERHAD,NOT REFINED,NOT REFINED,SUMBER HIJAU UTAMA,ROYAL GOLDEN EAGLE,AAA OILS & FATS,AAA OILS & FATS,SPAIN,PALM OIL,12.90642744022894,15436.478707059801,0.0
INDONESIA,KALIMANTAN TIMUR,KUTAI KARTANEGARA,JAYA MANDIRI SUKSES (BANGKIRAI),EAGLE HIGH PLANTATIONS,NOT REFINED,NOT REFINED,SUMBER HIJAU UTAMA,ROYAL GOLDEN EAGLE,AAA OILS & FATS,AAA OILS & FATS,SPAIN,PALM OIL,0.0266726710203895,31.9013235981398,0.0
INDONESIA,KALIMANTAN TIMUR,KUTAI TIMUR,DINAMIKA PRIMA ARTHA,MINANGA,NOT REFINED,NOT REFINED,SUMBER HIJAU UTAMA,ROYAL GOLDEN EAGLE,AAA OILS & FATS,AAA OILS & FATS,SPAIN,PALM OIL,7.53250774898714,9009.107750110321,0.0
INDONESIA,KALIMANTAN TIMUR,KUTAI TIMUR,KUTAI BALIAN NAULI,CHELLAM PLANTATIONS,NOT REFINED,NOT REFINED,SUMBER HIJAU UTAMA,ROYAL GOLDEN EAGLE,AAA OILS & FATS,AAA OILS & FATS,SPAIN,PALM OIL,6.57235129816953,7860.73151066437,0.0
INDONESIA,KALIMANTAN TIMUR,KUTAI TIMUR,REA KALTIM PLANTATIONS (CAKRA),REA HOLDINGS,NOT REFINED,NOT REFINED,SUMBER HIJAU UTAMA,ROYAL GOLDEN EAGLE,AAA OILS & FATS,AAA OILS & FATS,SPAIN,PALM OIL,4.5212677124756535,5407.573326992603,0.0
INDONESIA,KALIMANTAN TIMUR,BERAU,HANUSENTRA AGRO LESTARI,DHARMA AGUNG WIJAYA (DAW),KUTAI REFINERY NUSANTARA,ROYAL GOLDEN EAGLE,KUTAI REFINERY NUSANTARA,ROYAL GOLDEN EAGLE,AAA OILS & FATS,AAA OILS & FATS,NETHERLANDS,REFINED PALM OIL,20.650753001906946,31876.1078858175,6.43511148557664
INDONESIA,KALIMANTAN TIMUR,PASER,PUCUK JAYA,CHELLAM PLANTATIONS,KUTAI REFINERY NUSANTARA,ROYAL GOLDEN EAGLE,KUTAI REFINERY NUSANTARA,ROYAL GOLDEN EAGLE,AAA OILS & FATS,AAA OILS & FATS,NETHERLANDS,REFINED PALM OIL,21.199422127306104,32723.0230677107,4.7748547588864
INDONESIA,KALIMANTAN TIMUR,BERAU,JABONTARA EKA KARSA (JABON),KUALA LUMPUR KEPONG (KLK),KUTAI REFINERY NUSANTARA,ROYAL GOLDEN EAGLE,KUTAI REFINERY NUSANTARA,ROYAL GOLDEN EAGLE,AAA OILS & FATS,AAA OILS & FATS,NETHERLANDS,REFINED PALM OIL,15.460262986006969,23864.166640294396,4.41402073329524
INDONESIA,KALIMANTAN TIMUR,BERAU,DWIWIRA LESTARI JAYA,TRIPUTRA AGRO PERSADA,KUTAI REFINERY NUSANTARA,ROYAL GOLDEN EAGLE,KUTAI REFINERY NUSANTARA,ROYAL GOLDEN EAGLE,AAA OILS & FATS,AAA OILS & FATS,NETHERLANDS,REFINED PALM OIL,23.149356055541894,35732.9038338464,4.2148589110617
INDONESIA,KALIMANTAN TIMUR,BERAU,ANUGERAH AGUNG PRIMA ABADI,TRIPUTRA AGRO PERSADA,KUTAI REFINERY NUSANTARA,ROYAL GOLDEN EAGLE,KUTAI REFINERY NUSANTARA,ROYAL GOLDEN EAGLE,AAA OILS & FATS,AAA OILS & FATS,NETHERLANDS,REFINED PALM OIL,26.164775340814945,40387.4474453777,4.19779831238465
INDONESIA,KALIMANTAN TIMUR,BERAU,SAWIT KALTIM LESTARI,KENCANA AGRI,KUTAI REFINERY NUSANTARA,ROYAL GOLDEN EAGLE,KUTAI REFINERY NUSANTARA,ROYAL GOLDEN EAGLE,AAA OILS & FATS,AAA OILS & FATS,NETHERLANDS,REFINED PALM OIL,19.70147730686829,30410.824054974,0.0
INDONESIA,KALIMANTAN TIMUR,KUTAI TIMUR,AGRI EASTBORNEO KENCANA,KENCANA AGRI,KUTAI REFINERY NUSANTARA,ROYAL GOLDEN EAGLE,KUTAI REFINERY NUSANTARA,ROYAL GOLDEN EAGLE,AAA OILS & FATS,AAA OILS & FATS,SPAIN,REFINED PALM OIL,0.9752495544718263,1187.10886814898,0.0
INDONESIA,KALIMANTAN TIMUR,KUTAI TIMUR,BIMA PALMA NUGRAHA (POM 9),DHARMA SATYA NUSANTARA (DSN),KUTAI REFINERY NUSANTARA,ROYAL GOLDEN EAGLE,KUTAI REFINERY NUSANTARA,ROYAL GOLDEN EAGLE,AAA OILS & FATS,AAA OILS & FATS,SPAIN,REFINED PALM OIL,28.52149776406764,34717.393895096786,0.0
INDONESIA,KALIMANTAN TIMUR,BERAU,PERKEBUNAN KALTIM UTAMA I,TOBA BARA,KUTAI REFINERY NUSANTARA,ROYAL GOLDEN EAGLE,KUTAI REFINERY NUSANTARA,ROYAL GOLDEN EAGLE,AAA OILS & FATS,AAA OILS & FATS,SPAIN,REFINED PALM OIL,2.9298825921421363,3566.35857132066,0.0
INDONESIA,KALIMANTAN TIMUR,PENAJAM PASER UTARA,PERKEBUNAN NUSANTARA XIII (LONG PINANG),PTPN III,KUTAI REFINERY NUSANTARA,ROYAL GOLDEN EAGLE,KUTAI REFINERY NUSANTARA,ROYAL GOLDEN EAGLE,AAA OILS & FATS,AAA OILS & FATS,SPAIN,REFINED PALM OIL,1.3656204587781684,1662.28238680839,0.0
INDONESIA,KALIMANTAN TIMUR,BERAU,HANUSENTRA AGRO LESTARI,DHARMA AGUNG WIJAYA (DAW),KUTAI REFINERY NUSANTARA,ROYAL GOLDEN EAGLE,KUTAI REFINERY NUSANTARA,ROYAL GOLDEN EAGLE,APICAL MIDDLE EAST FZCO,APICAL MIDDLE EAST FZCO,SPAIN,REFINED PALM OIL,47.70295762481715,36342.505324717,14.8650197152176
INDONESIA,KALIMANTAN TIMUR,PASER,PUCUK JAYA,CHELLAM PLANTATIONS,KUTAI REFINERY NUSANTARA,ROYAL GOLDEN EAGLE,KUTAI REFINERY NUSANTARA,ROYAL GOLDEN EAGLE,APICAL MIDDLE EAST FZCO,APICAL MIDDLE EAST FZCO,SPAIN,REFINED PALM OIL,48.97037581710031,37308.0880620384,11.0298493331832
INDONESIA,KALIMANTAN TIMUR,BERAU,JABONTARA EKA KARSA (JABON),KUALA LUMPUR KEPONG (KLK),KUTAI REFINERY NUSANTARA,ROYAL GOLDEN EAGLE,KUTAI REFINERY NUSANTARA,ROYAL GOLDEN EAGLE,APICAL MIDDLE EAST FZCO,APICAL MIDDLE EAST FZCO,SPAIN,REFINED PALM OIL,35.7129965198807,27207.951682856226,10.196327658173198
INDONESIA,KALIMANTAN TIMUR,BERAU,DWIWIRA LESTARI JAYA,TRIPUTRA AGRO PERSADA,KUTAI REFINERY NUSANTARA,ROYAL GOLDEN EAGLE,KUTAI REFINERY NUSANTARA,ROYAL GOLDEN EAGLE,APICAL MIDDLE EAST FZCO,APICAL MIDDLE EAST FZCO,SPAIN,REFINED PALM OIL,53.47469658163779,40739.7055029719,9.73626656666674
INDONESIA,KALIMANTAN TIMUR,PENAJAM PASER UTARA,PERKEBUNAN NUSANTARA XIII (LONG PINANG),PTPN III,KUTAI REFINERY NUSANTARA,ROYAL GOLDEN EAGLE,KUTAI REFINERY NUSANTARA,ROYAL GOLDEN EAGLE,APICAL MIDDLE EAST FZCO,APICAL MIDDLE EAST FZCO,SPAIN,REFINED PALM OIL,3.9431095647859684,3004.05860536464,0.0
INDONESIA,KALIMANTAN TIMUR,KUTAI TIMUR,BIMA AGRI SAWIT (POM 10),DHARMA SATYA NUSANTARA (DSN),KUTAI REFINERY NUSANTARA,ROYAL GOLDEN EAGLE,KUTAI REFINERY NUSANTARA,ROYAL GOLDEN EAGLE,APICAL MIDDLE EAST FZCO,APICAL MIDDLE EAST FZCO,SPAIN,REFINED PALM OIL,50.462611862943255,38444.9483143588,0.0
INDONESIA,KALIMANTAN TIMUR,KUTAI TIMUR,HAMPARAN PERKASA MANDIRI,TRIPUTRA AGRO PERSADA,KUTAI REFINERY NUSANTARA,ROYAL GOLDEN EAGLE,KUTAI REFINERY NUSANTARA,ROYAL GOLDEN EAGLE,APICAL MIDDLE EAST FZCO,APICAL MIDDLE EAST FZCO,BELGIUM,REFINED PALM OIL,68.69104998596347,54162.892913932126,0.0
INDONESIA,KALIMANTAN TIMUR,KUTAI TIMUR,AGRI EASTBORNEO KENCANA,KENCANA AGRI,KUTAI REFINERY NUSANTARA,ROYAL GOLDEN EAGLE,KUTAI REFINERY NUSANTARA,ROYAL GOLDEN EAGLE,APICAL MIDDLE EAST FZCO,APICAL MIDDLE EAST FZCO,BELGIUM,REFINED PALM OIL,1.8285891355086419,1441.84253334856,0.0
